name,population,region,life_expectancy_male,unemployment,imports,exports,currency,iso2,employment_services,employment_industry,urban_population_growth,secondary_school_enrollment_female,employment_agriculture,capital,co2_emissions,forested_area,tourists,homicide_rate,life_expectancy_female,post_secondary_enrollment_female,post_secondary_enrollment_male,primary_school_enrollment_female,infant_mortality,gdp_growth,threatened_species,sex_ratio,urban_population,secondary_school_enrollment_male,gdp,pop_growth,surface_area,pop_density,internet_users,gdp_per_capita,fertility,refugees,primary_school_enrollment_male
China,1439324.0,Eastern Asia,74.5,4.4,2070150.0,2491820.0,"{'code': 'CNY', 'name': 'Yuan Renminbi'}",CN,47.1,28.2,2.9,88.0,24.7,Beijing,9257.9,22.1,62900.0,0.5,79.0,55.9,45.9,100.8,9.9,6.6,1172.0,105.3,60.3,88.3,13608152.0,0.5,9600000.0,153.3,54.3,9531.9,1.7,322.4,99.7
India,1380004.0,Southern Asia,68.1,5.4,478884.0,323251.0,"{'code': 'INR', 'name': 'Indian Rupee'}",IN,32.3,26.2,2.4,76.6,41.5,New Delhi,2161.6,23.8,17423.0,3.1,70.5,29.1,27.2,121.1,32.0,6.8,1118.0,108.2,34.5,73.9,2779352.0,1.0,3287263.0,464.1,34.4,2054.8,2.2,206.6,105.6
United States,331003.0,Northern America,76.3,3.9,2567490.0,1644280.0,"{'code': 'USD', 'name': 'Us Dollar'}",US,79.0,19.7,0.9,98.7,1.3,"Washington, D.C.",4761.3,33.9,79746.0,5.0,81.3,102.0,75.0,101.4,5.8,2.9,1655.0,97.9,82.5,99.2,20580223.0,0.6,9833517.0,36.2,87.3,62917.9,1.8,1043.2,102.2
Indonesia,273524.0,South-Eastern Asia,69.3,4.8,170727.0,167003.0,"{'code': 'IDR', 'name': 'Rupiah'}",ID,49.6,22.7,2.6,90.0,27.7,Jakarta,496.4,48.5,15810.0,0.4,73.6,39.0,33.8,104.6,18.9,5.2,1654.0,101.4,56.0,87.8,1042173.0,1.1,1910931.0,151.0,39.9,3893.5,2.3,14.0,108.1
Brazil,212559.0,South America,71.9,12.0,177348.0,225383.0,"{'code': 'BRL', 'name': 'Brazilian Real'}",BR,71.3,19.6,1.2,102.4,9.1,Brasilia,427.6,59.0,6621.0,27.4,79.3,59.4,43.5,113.4,13.0,1.1,1078.0,96.6,86.8,99.3,1868613.0,0.8,8515767.0,25.4,70.4,8920.7,1.7,271.6,117.4
Pakistan,220892.0,Southern Asia,66.1,4.4,50047.0,23759.0,"{'code': 'PKR', 'name': 'Pakistan Rupee'}",PK,38.3,25.8,2.7,39.1,35.9,Islamabad,183.4,1.9,966.0,3.9,68.0,8.3,9.6,86.1,61.3,5.4,155.0,106.0,36.9,45.9,282346.0,2.0,796095.0,286.5,15.5,1330.4,3.6,1518.4,102.0
Nigeria,206140.0,Western Africa,53.3,8.0,72765.0,79964.0,"{'code': 'NGN', 'name': 'Naira'}",NG,53.1,12.2,4.6,39.8,34.7,Abuja,86.0,7.7,1889.0,34.5,55.1,8.3,12.0,82.2,62.1,1.9,380.0,102.8,51.2,44.1,421821.0,2.6,923768.0,226.3,42.0,2153.5,5.4,2211.1,87.2
Bangladesh,164689.0,Southern Asia,70.5,4.2,66060.0,34186.0,"{'code': 'BDT', 'name': 'Taka'}",BD,40.6,21.6,3.5,78.3,37.7,Dhaka,78.3,11.0,1026.0,2.4,74.1,17.0,24.0,120.8,26.8,7.9,165.0,102.2,37.4,67.4,269628.0,1.1,147570.0,1265.2,15.0,1670.8,2.1,911.8,112.4
Russian Federation,145934.0,Eastern Europe,66.8,4.4,247161.0,426720.0,"{'code': 'RUB', 'name': 'Russian Ruble'}",RU,67.8,26.6,0.2,102.1,5.6,Moscow,1536.9,49.8,24551.0,8.2,77.5,89.1,75.0,102.3,5.8,2.3,279.0,86.4,74.6,104.7,1660514.0,0.1,17098246.0,8.9,80.9,11394.1,1.8,135.5,102.8
Japan,126476.0,Eastern Asia,81.3,2.3,720895.0,705640.0,"{'code': 'JPY', 'name': 'Yen'}",JP,72.6,24.1,0.0,,3.4,Tokyo,1132.4,68.5,31192.0,0.3,87.5,,,,1.8,0.8,470.0,95.4,91.7,,4971323.0,-0.2,377930.0,346.9,91.3,39082.1,1.4,31.5,
Mexico,128933.0,Central America,72.1,3.6,467293.0,472273.0,"{'code': 'MXN', 'name': 'Mexican Peso'}",MX,61.4,26.2,1.8,108.2,12.4,Mexico City,446.0,34.0,41313.0,29.1,77.8,40.6,39.8,106.0,13.5,2.0,1656.0,95.8,80.4,100.7,1223401.0,1.1,1964375.0,66.3,65.8,9694.9,2.1,302.1,105.5
Philippines,109581.0,South-Eastern Asia,67.1,2.2,117247.0,70927.0,"{'code': 'PHP', 'name': 'Philippine Piso'}",PH,57.6,19.8,2.1,90.6,22.5,Manila,126.5,27.0,7168.0,6.5,75.3,40.4,30.8,105.5,19.7,6.2,884.0,100.9,47.1,82.0,330910.0,1.4,300000.0,367.5,60.1,3102.7,2.6,226.8,109.4
Viet Nam,97339.0,South-Eastern Asia,71.2,2.0,253442.0,264610.0,"{'code': 'VND', 'name': 'Dong'}",VN,35.4,28.4,3.2,,36.2,Hanoi,191.2,47.6,15498.0,1.5,79.4,31.7,25.5,111.9,16.7,7.1,738.0,99.7,36.6,,244901.0,1.0,330967.0,313.9,70.3,2563.2,2.1,34.1,109.5
Ethiopia,114964.0,Eastern Africa,64.1,2.1,9675.0,938.0,"{'code': 'ETB', 'name': 'Ethiopian Birr'}",ET,24.0,10.4,4.9,34.2,65.6,Addis Ababa,13.1,12.5,849.0,8.8,67.9,5.3,10.9,96.1,37.0,6.8,180.0,100.1,21.2,35.6,80292.0,2.6,1104300.0,115.0,18.6,735.1,4.3,5444.5,105.8
Egypt,102334.0,Northern Africa,69.5,10.1,78658.0,30633.0,"{'code': 'EGP', 'name': 'Egyptian Pound'}",EG,48.6,28.2,2.1,87.3,23.3,Cairo,209.2,0.1,11196.0,2.6,74.1,35.8,34.6,106.5,15.6,5.3,172.0,102.1,42.7,88.5,249751.0,2.0,1002000.0,102.8,46.9,2537.5,3.3,319.5,106.1
Germany,83784.0,Western Europe,78.7,3.0,1240700.0,1493090.0,"{'code': 'EUR', 'name': 'Euro'}",DE,72.1,26.8,0.3,95.2,1.2,Berlin,718.8,32.7,38881.0,0.9,83.6,70.7,69.8,104.2,3.2,1.5,200.0,97.8,77.4,101.4,3949549.0,0.5,357376.0,240.4,89.7,47513.7,1.6,1461.0,103.9
"Iran, Islamic Republic Of",83993.0,Southern Asia,75.3,11.2,20502.0,17394.0,"{'code': 'IRR', 'name': 'Iranian Rial'}",IR,51.9,30.3,2.0,84.7,17.8,Tehran,567.1,6.6,7295.0,2.5,77.6,62.9,73.3,113.9,12.8,-4.8,161.0,102.0,75.4,87.9,473091.0,1.4,1628750.0,51.6,70.0,5783.5,2.2,979.5,107.7
Turkey,84339.0,Western Asia,74.3,12.9,210343.0,180839.0,"{'code': 'TRY', 'name': 'Turkish Lira'}",TR,55.9,26.1,2.4,103.4,18.0,Ankara,378.6,15.2,45768.0,2.6,80.2,,,92.7,8.9,2.8,435.0,97.5,75.6,108.5,771355.0,1.4,783562.0,109.6,71.0,9367.9,2.1,3940.1,93.6
China,1439324.0,Eastern Asia,74.5,4.4,2070150.0,2491820.0,"{'code': 'CNY', 'name': 'Yuan Renminbi'}",CN,47.1,28.2,2.9,88.0,24.7,Beijing,9257.9,22.1,62900.0,0.5,79.0,55.9,45.9,100.8,9.9,6.6,1172.0,105.3,60.3,88.3,13608152.0,0.5,9600000.0,153.3,54.3,9531.9,1.7,322.4,99.7
India,1380004.0,Southern Asia,68.1,5.4,478884.0,323251.0,"{'code': 'INR', 'name': 'Indian Rupee'}",IN,32.3,26.2,2.4,76.6,41.5,New Delhi,2161.6,23.8,17423.0,3.1,70.5,29.1,27.2,121.1,32.0,6.8,1118.0,108.2,34.5,73.9,2779352.0,1.0,3287263.0,464.1,34.4,2054.8,2.2,206.6,105.6
United States,331003.0,Northern America,76.3,3.9,2567490.0,1644280.0,"{'code': 'USD', 'name': 'Us Dollar'}",US,79.0,19.7,0.9,98.7,1.3,"Washington, D.C.",4761.3,33.9,79746.0,5.0,81.3,102.0,75.0,101.4,5.8,2.9,1655.0,97.9,82.5,99.2,20580223.0,0.6,9833517.0,36.2,87.3,62917.9,1.8,1043.2,102.2
Indonesia,273524.0,South-Eastern Asia,69.3,4.8,170727.0,167003.0,"{'code': 'IDR', 'name': 'Rupiah'}",ID,49.6,22.7,2.6,90.0,27.7,Jakarta,496.4,48.5,15810.0,0.4,73.6,39.0,33.8,104.6,18.9,5.2,1654.0,101.4,56.0,87.8,1042173.0,1.1,1910931.0,151.0,39.9,3893.5,2.3,14.0,108.1
Brazil,212559.0,South America,71.9,12.0,177348.0,225383.0,"{'code': 'BRL', 'name': 'Brazilian Real'}",BR,71.3,19.6,1.2,102.4,9.1,Brasilia,427.6,59.0,6621.0,27.4,79.3,59.4,43.5,113.4,13.0,1.1,1078.0,96.6,86.8,99.3,1868613.0,0.8,8515767.0,25.4,70.4,8920.7,1.7,271.6,117.4
Pakistan,220892.0,Southern Asia,66.1,4.4,50047.0,23759.0,"{'code': 'PKR', 'name': 'Pakistan Rupee'}",PK,38.3,25.8,2.7,39.1,35.9,Islamabad,183.4,1.9,966.0,3.9,68.0,8.3,9.6,86.1,61.3,5.4,155.0,106.0,36.9,45.9,282346.0,2.0,796095.0,286.5,15.5,1330.4,3.6,1518.4,102.0
Nigeria,206140.0,Western Africa,53.3,8.0,72765.0,79964.0,"{'code': 'NGN', 'name': 'Naira'}",NG,53.1,12.2,4.6,39.8,34.7,Abuja,86.0,7.7,1889.0,34.5,55.1,8.3,12.0,82.2,62.1,1.9,380.0,102.8,51.2,44.1,421821.0,2.6,923768.0,226.3,42.0,2153.5,5.4,2211.1,87.2
Bangladesh,164689.0,Southern Asia,70.5,4.2,66060.0,34186.0,"{'code': 'BDT', 'name': 'Taka'}",BD,40.6,21.6,3.5,78.3,37.7,Dhaka,78.3,11.0,1026.0,2.4,74.1,17.0,24.0,120.8,26.8,7.9,165.0,102.2,37.4,67.4,269628.0,1.1,147570.0,1265.2,15.0,1670.8,2.1,911.8,112.4
Russian Federation,145934.0,Eastern Europe,66.8,4.4,247161.0,426720.0,"{'code': 'RUB', 'name': 'Russian Ruble'}",RU,67.8,26.6,0.2,102.1,5.6,Moscow,1536.9,49.8,24551.0,8.2,77.5,89.1,75.0,102.3,5.8,2.3,279.0,86.4,74.6,104.7,1660514.0,0.1,17098246.0,8.9,80.9,11394.1,1.8,135.5,102.8
Japan,126476.0,Eastern Asia,81.3,2.3,720895.0,705640.0,"{'code': 'JPY', 'name': 'Yen'}",JP,72.6,24.1,0.0,,3.4,Tokyo,1132.4,68.5,31192.0,0.3,87.5,,,,1.8,0.8,470.0,95.4,91.7,,4971323.0,-0.2,377930.0,346.9,91.3,39082.1,1.4,31.5,
Mexico,128933.0,Central America,72.1,3.6,467293.0,472273.0,"{'code': 'MXN', 'name': 'Mexican Peso'}",MX,61.4,26.2,1.8,108.2,12.4,Mexico City,446.0,34.0,41313.0,29.1,77.8,40.6,39.8,106.0,13.5,2.0,1656.0,95.8,80.4,100.7,1223401.0,1.1,1964375.0,66.3,65.8,9694.9,2.1,302.1,105.5
Philippines,109581.0,South-Eastern Asia,67.1,2.2,117247.0,70927.0,"{'code': 'PHP', 'name': 'Philippine Piso'}",PH,57.6,19.8,2.1,90.6,22.5,Manila,126.5,27.0,7168.0,6.5,75.3,40.4,30.8,105.5,19.7,6.2,884.0,100.9,47.1,82.0,330910.0,1.4,300000.0,367.5,60.1,3102.7,2.6,226.8,109.4
Viet Nam,97339.0,South-Eastern Asia,71.2,2.0,253442.0,264610.0,"{'code': 'VND', 'name': 'Dong'}",VN,35.4,28.4,3.2,,36.2,Hanoi,191.2,47.6,15498.0,1.5,79.4,31.7,25.5,111.9,16.7,7.1,738.0,99.7,36.6,,244901.0,1.0,330967.0,313.9,70.3,2563.2,2.1,34.1,109.5
Ethiopia,114964.0,Eastern Africa,64.1,2.1,9675.0,938.0,"{'code': 'ETB', 'name': 'Ethiopian Birr'}",ET,24.0,10.4,4.9,34.2,65.6,Addis Ababa,13.1,12.5,849.0,8.8,67.9,5.3,10.9,96.1,37.0,6.8,180.0,100.1,21.2,35.6,80292.0,2.6,1104300.0,115.0,18.6,735.1,4.3,5444.5,105.8
Egypt,102334.0,Northern Africa,69.5,10.1,78658.0,30633.0,"{'code': 'EGP', 'name': 'Egyptian Pound'}",EG,48.6,28.2,2.1,87.3,23.3,Cairo,209.2,0.1,11196.0,2.6,74.1,35.8,34.6,106.5,15.6,5.3,172.0,102.1,42.7,88.5,249751.0,2.0,1002000.0,102.8,46.9,2537.5,3.3,319.5,106.1
Germany,83784.0,Western Europe,78.7,3.0,1240700.0,1493090.0,"{'code': 'EUR', 'name': 'Euro'}",DE,72.1,26.8,0.3,95.2,1.2,Berlin,718.8,32.7,38881.0,0.9,83.6,70.7,69.8,104.2,3.2,1.5,200.0,97.8,77.4,101.4,3949549.0,0.5,357376.0,240.4,89.7,47513.7,1.6,1461.0,103.9
"Iran, Islamic Republic Of",83993.0,Southern Asia,75.3,11.2,20502.0,17394.0,"{'code': 'IRR', 'name': 'Iranian Rial'}",IR,51.9,30.3,2.0,84.7,17.8,Tehran,567.1,6.6,7295.0,2.5,77.6,62.9,73.3,113.9,12.8,-4.8,161.0,102.0,75.4,87.9,473091.0,1.4,1628750.0,51.6,70.0,5783.5,2.2,979.5,107.7
Turkey,84339.0,Western Asia,74.3,12.9,210343.0,180839.0,"{'code': 'TRY', 'name': 'Turkish Lira'}",TR,55.9,26.1,2.4,103.4,18.0,Ankara,378.6,15.2,45768.0,2.6,80.2,,,92.7,8.9,2.8,435.0,97.5,75.6,108.5,771355.0,1.4,783562.0,109.6,71.0,9367.9,2.1,3940.1,93.6
China,1439324.0,Eastern Asia,74.5,4.4,2070150.0,2491820.0,"{'code': 'CNY', 'name': 'Yuan Renminbi'}",CN,47.1,28.2,2.9,88.0,24.7,Beijing,9257.9,22.1,62900.0,0.5,79.0,55.9,45.9,100.8,9.9,6.6,1172.0,105.3,60.3,88.3,13608152.0,0.5,9600000.0,153.3,54.3,9531.9,1.7,322.4,99.7
India,1380004.0,Southern Asia,68.1,5.4,478884.0,323251.0,"{'code': 'INR', 'name': 'Indian Rupee'}",IN,32.3,26.2,2.4,76.6,41.5,New Delhi,2161.6,23.8,17423.0,3.1,70.5,29.1,27.2,121.1,32.0,6.8,1118.0,108.2,34.5,73.9,2779352.0,1.0,3287263.0,464.1,34.4,2054.8,2.2,206.6,105.6
United States,331003.0,Northern America,76.3,3.9,2567490.0,1644280.0,"{'code': 'USD', 'name': 'Us Dollar'}",US,79.0,19.7,0.9,98.7,1.3,"Washington, D.C.",4761.3,33.9,79746.0,5.0,81.3,102.0,75.0,101.4,5.8,2.9,1655.0,97.9,82.5,99.2,20580223.0,0.6,9833517.0,36.2,87.3,62917.9,1.8,1043.2,102.2
Indonesia,273524.0,South-Eastern Asia,69.3,4.8,170727.0,167003.0,"{'code': 'IDR', 'name': 'Rupiah'}",ID,49.6,22.7,2.6,90.0,27.7,Jakarta,496.4,48.5,15810.0,0.4,73.6,39.0,33.8,104.6,18.9,5.2,1654.0,101.4,56.0,87.8,1042173.0,1.1,1910931.0,151.0,39.9,3893.5,2.3,14.0,108.1
Brazil,212559.0,South America,71.9,12.0,177348.0,225383.0,"{'code': 'BRL', 'name': 'Brazilian Real'}",BR,71.3,19.6,1.2,102.4,9.1,Brasilia,427.6,59.0,6621.0,27.4,79.3,59.4,43.5,113.4,13.0,1.1,1078.0,96.6,86.8,99.3,1868613.0,0.8,8515767.0,25.4,70.4,8920.7,1.7,271.6,117.4
Pakistan,220892.0,Southern Asia,66.1,4.4,50047.0,23759.0,"{'code': 'PKR', 'name': 'Pakistan Rupee'}",PK,38.3,25.8,2.7,39.1,35.9,Islamabad,183.4,1.9,966.0,3.9,68.0,8.3,9.6,86.1,61.3,5.4,155.0,106.0,36.9,45.9,282346.0,2.0,796095.0,286.5,15.5,1330.4,3.6,1518.4,102.0
Nigeria,206140.0,Western Africa,53.3,8.0,72765.0,79964.0,"{'code': 'NGN', 'name': 'Naira'}",NG,53.1,12.2,4.6,39.8,34.7,Abuja,86.0,7.7,1889.0,34.5,55.1,8.3,12.0,82.2,62.1,1.9,380.0,102.8,51.2,44.1,421821.0,2.6,923768.0,226.3,42.0,2153.5,5.4,2211.1,87.2
Bangladesh,164689.0,Southern Asia,70.5,4.2,66060.0,34186.0,"{'code': 'BDT', 'name': 'Taka'}",BD,40.6,21.6,3.5,78.3,37.7,Dhaka,78.3,11.0,1026.0,2.4,74.1,17.0,24.0,120.8,26.8,7.9,165.0,102.2,37.4,67.4,269628.0,1.1,147570.0,1265.2,15.0,1670.8,2.1,911.8,112.4
Russian Federation,145934.0,Eastern Europe,66.8,4.4,247161.0,426720.0,"{'code': 'RUB', 'name': 'Russian Ruble'}",RU,67.8,26.6,0.2,102.1,5.6,Moscow,1536.9,49.8,24551.0,8.2,77.5,89.1,75.0,102.3,5.8,2.3,279.0,86.4,74.6,104.7,1660514.0,0.1,17098246.0,8.9,80.9,11394.1,1.8,135.5,102.8
Japan,126476.0,Eastern Asia,81.3,2.3,720895.0,705640.0,"{'code': 'JPY', 'name': 'Yen'}",JP,72.6,24.1,0.0,,3.4,Tokyo,1132.4,68.5,31192.0,0.3,87.5,,,,1.8,0.8,470.0,95.4,91.7,,4971323.0,-0.2,377930.0,346.9,91.3,39082.1,1.4,31.5,
Mexico,128933.0,Central America,72.1,3.6,467293.0,472273.0,"{'code': 'MXN', 'name': 'Mexican Peso'}",MX,61.4,26.2,1.8,108.2,12.4,Mexico City,446.0,34.0,41313.0,29.1,77.8,40.6,39.8,106.0,13.5,2.0,1656.0,95.8,80.4,100.7,1223401.0,1.1,1964375.0,66.3,65.8,9694.9,2.1,302.1,105.5
Philippines,109581.0,South-Eastern Asia,67.1,2.2,117247.0,70927.0,"{'code': 'PHP', 'name': 'Philippine Piso'}",PH,57.6,19.8,2.1,90.6,22.5,Manila,126.5,27.0,7168.0,6.5,75.3,40.4,30.8,105.5,19.7,6.2,884.0,100.9,47.1,82.0,330910.0,1.4,300000.0,367.5,60.1,3102.7,2.6,226.8,109.4
Viet Nam,97339.0,South-Eastern Asia,71.2,2.0,253442.0,264610.0,"{'code': 'VND', 'name': 'Dong'}",VN,35.4,28.4,3.2,,36.2,Hanoi,191.2,47.6,15498.0,1.5,79.4,31.7,25.5,111.9,16.7,7.1,738.0,99.7,36.6,,244901.0,1.0,330967.0,313.9,70.3,2563.2,2.1,34.1,109.5
Ethiopia,114964.0,Eastern Africa,64.1,2.1,9675.0,938.0,"{'code': 'ETB', 'name': 'Ethiopian Birr'}",ET,24.0,10.4,4.9,34.2,65.6,Addis Ababa,13.1,12.5,849.0,8.8,67.9,5.3,10.9,96.1,37.0,6.8,180.0,100.1,21.2,35.6,80292.0,2.6,1104300.0,115.0,18.6,735.1,4.3,5444.5,105.8
Egypt,102334.0,Northern Africa,69.5,10.1,78658.0,30633.0,"{'code': 'EGP', 'name': 'Egyptian Pound'}",EG,48.6,28.2,2.1,87.3,23.3,Cairo,209.2,0.1,11196.0,2.6,74.1,35.8,34.6,106.5,15.6,5.3,172.0,102.1,42.7,88.5,249751.0,2.0,1002000.0,102.8,46.9,2537.5,3.3,319.5,106.1
Germany,83784.0,Western Europe,78.7,3.0,1240700.0,1493090.0,"{'code': 'EUR', 'name': 'Euro'}",DE,72.1,26.8,0.3,95.2,1.2,Berlin,718.8,32.7,38881.0,0.9,83.6,70.7,69.8,104.2,3.2,1.5,200.0,97.8,77.4,101.4,3949549.0,0.5,357376.0,240.4,89.7,47513.7,1.6,1461.0,103.9
"Iran, Islamic Republic Of",83993.0,Southern Asia,75.3,11.2,20502.0,17394.0,"{'code': 'IRR', 'name': 'Iranian Rial'}",IR,51.9,30.3,2.0,84.7,17.8,Tehran,567.1,6.6,7295.0,2.5,77.6,62.9,73.3,113.9,12.8,-4.8,161.0,102.0,75.4,87.9,473091.0,1.4,1628750.0,51.6,70.0,5783.5,2.2,979.5,107.7
Turkey,84339.0,Western Asia,74.3,12.9,210343.0,180839.0,"{'code': 'TRY', 'name': 'Turkish Lira'}",TR,55.9,26.1,2.4,103.4,18.0,Ankara,378.6,15.2,45768.0,2.6,80.2,,,92.7,8.9,2.8,435.0,97.5,75.6,108.5,771355.0,1.4,783562.0,109.6,71.0,9367.9,2.1,3940.1,93.6
Thailand,69800.0,South-Eastern Asia,73.1,0.8,216805.0,233674.0,"{'code': 'THB', 'name': 'Baht'}",TH,46.3,22.5,2.1,116.5,31.2,Bangkok,244.3,32.1,38178.0,2.6,80.6,57.8,41.0,99.8,7.8,4.1,674.0,94.8,50.7,118.9,504992.0,0.3,513120.0,136.6,56.8,7273.6,1.5,576.9,99.8
France,65274.0,Western Europe,79.4,8.3,651164.0,569757.0,"{'code': 'EUR', 'name': 'Euro'}",FR,77.7,19.9,0.8,104.1,2.4,Paris,306.1,31.0,89322.0,1.2,85.4,72.8,58.7,102.2,3.0,1.7,366.0,93.8,80.7,103.5,2778892.0,0.3,551500.0,119.2,82.0,41358.1,1.9,473.4,102.8
United Kingdom,67886.0,Northern Europe,79.4,4.1,692580.0,468160.0,"{'code': 'GBP', 'name': 'Pound Sterling'}",GB,81.3,17.7,1.0,127.7,1.0,London,358.7,13.0,36316.0,1.2,82.9,69.4,51.0,101.0,3.8,1.4,176.0,97.7,83.7,124.1,2855297.0,0.6,242495.0,280.6,94.9,42526.4,1.8,176.7,101.3
Italy,60462.0,Southern Europe,81.0,9.8,473562.0,532684.0,"{'code': 'EUR', 'name': 'Euro'}",IT,70.8,25.6,0.3,100.9,3.6,Rome,321.5,31.6,61567.0,0.6,85.4,71.5,53.0,100.3,2.6,0.8,482.0,94.9,70.7,101.6,2084882.0,-0.0,302073.0,205.6,74.4,34388.5,1.3,261.4,103.4
South Africa,59309.0,Southern Africa,60.2,28.5,88037.0,89396.0,"{'code': 'ZAR', 'name': 'Rand'}",ZA,72.3,22.7,2.2,109.0,5.0,Pretoria,421.7,7.6,10472.0,36.4,67.1,26.4,18.4,99.1,27.2,0.8,597.0,97.1,66.9,100.4,368094.0,1.4,1221037.0,48.9,56.2,6369.2,2.4,273.5,102.6
Colombia,50883.0,South America,74.2,9.7,52696.0,39489.0,"{'code': 'COP', 'name': 'Colombian Peso'}",CO,63.5,20.0,1.4,100.1,16.5,Bogota,75.3,52.7,3904.0,25.3,79.8,59.7,51.1,112.8,12.6,2.7,1025.0,96.5,81.1,95.0,330228.0,1.4,1141748.0,45.9,64.1,6649.6,1.8,9717.2,116.2
Spain,46755.0,Southern Europe,80.6,13.0,375485.0,337215.0,"{'code': 'EUR', 'name': 'Euro'}",ES,75.8,20.2,0.1,126.9,4.0,Madrid,253.4,36.9,82773.0,0.6,86.0,97.0,81.1,103.6,2.3,2.4,752.0,96.6,80.6,125.2,1419735.0,0.0,505944.0,93.7,86.1,30405.8,1.3,149.1,101.9
Ukraine,43734.0,Eastern Europe,66.8,8.9,60783.0,50060.0,"{'code': 'UAH', 'name': 'Hryvnia'}",UA,61.1,24.8,-0.4,95.0,14.1,Kyiv,171.3,16.7,14104.0,6.2,76.6,88.8,76.8,100.1,7.2,3.3,132.0,86.3,69.5,96.9,130832.0,-0.5,603500.0,75.5,62.6,2956.9,1.4,1540.4,98.0
"Tanzania, United Republic Of",59734.0,Eastern Africa,63.0,2.0,9434.0,4414.0,"{'code': 'TZS', 'name': 'Tanzanian Shilling'}",TZ,28.3,6.8,5.5,30.1,64.9,Dodoma,10.1,52.0,1378.0,6.5,66.6,2.8,5.2,95.4,41.2,7.0,1259.0,99.9,34.5,28.8,57145.0,3.0,947303.0,67.4,25.0,1044.1,4.9,320.3,93.0
Kenya,53771.0,Eastern Africa,63.8,2.6,19845.0,6526.0,"{'code': 'KES', 'name': 'Kenyan Shilling'}",KE,38.7,7.4,4.4,53.7,53.8,Nairobi,16.3,7.8,1364.0,4.9,68.5,9.7,13.2,103.4,36.3,6.3,549.0,98.8,27.5,59.9,87906.0,2.3,591958.0,94.5,17.8,1710.5,3.5,492.5,103.0
Argentina,45196.0,South America,73.0,10.4,49125.0,65114.0,"{'code': 'ARS', 'name': 'Argentine Peso'}",AR,78.9,21.0,1.2,111.0,0.1,Buenos Aires,183.4,9.9,6942.0,5.3,79.8,112.8,67.8,109.6,10.2,-2.5,285.0,95.3,92.0,106.5,518475.0,1.0,2780400.0,16.5,74.3,11687.6,2.3,165.6,109.9
Algeria,43851.0,Northern Africa,75.4,11.5,45140.0,34571.0,"{'code': 'DZD', 'name': 'Algerian Dinar'}",DZ,59.6,30.7,2.9,101.5,9.7,Algiers,130.5,0.8,2657.0,1.4,77.8,64.4,38.8,107.3,21.2,1.4,155.0,102.1,73.2,97.8,173757.0,2.0,2381741.0,18.4,49.0,4114.7,3.0,99.5,112.4
Poland,37847.0,Eastern Europe,74.5,3.0,246654.0,251865.0,"{'code': 'PLN', 'name': 'Zloty'}",PL,59.1,32.0,-0.2,108.1,8.9,Warsaw,305.8,30.8,19622.0,0.7,82.4,81.9,54.4,100.0,3.3,5.1,95.0,94.0,60.0,111.7,585661.0,-0.1,312679.0,123.6,77.5,15444.0,1.4,26.5,100.0
Sudan,43849.0,Northern Africa,63.1,16.6,12286.0,4127.0,"{'code': 'SDG', 'name': 'Sudanese Pound'}",SD,44.4,15.9,2.8,47.0,39.7,Khartoum,18.8,,836.0,5.1,66.8,17.1,16.8,74.4,42.9,-2.3,158.0,99.8,34.9,46.3,50515.0,2.4,,24.8,30.9,1208.4,4.4,2974.1,79.2
Uganda,45741.0,Eastern Africa,60.4,1.9,7686.0,3597.0,"{'code': 'UGX', 'name': 'Uganda Shilling'}",UG,20.9,6.6,6.0,21.8,72.4,Kampala,,10.4,1402.0,10.5,65.0,4.1,5.6,104.1,46.1,8.9,266.0,97.2,24.4,27.5,30098.0,3.6,241550.0,228.9,23.7,704.4,5.0,2445.8,101.3
Canada,37742.0,Northern America,80.2,5.4,453234.0,446148.0,"{'code': 'CAD', 'name': 'Canadian Dollar'}",CA,79.2,19.4,1.1,114.5,1.4,Ottawa,547.8,38.7,21134.0,1.8,84.2,79.3,59.1,100.8,4.5,1.9,173.0,98.5,81.5,113.0,1712562.0,0.9,9984670.0,4.2,91.0,46192.4,1.5,189.8,101.1
Iraq,40222.0,Western Asia,68.3,12.8,31372.0,4658.0,"{'code': 'IQD', 'name': 'Iraqi Dinar'}",IQ,59.9,22.4,3.4,46.0,17.8,Baghdad,139.9,1.9,892.0,10.1,72.4,12.0,20.1,99.1,24.1,-1.0,80.0,102.5,70.7,61.4,212272.0,2.5,435052.0,92.6,75.0,5523.1,3.7,2132.4,117.8
Morocco,36911.0,Northern Africa,75.1,9.0,51075.0,29328.0,"{'code': 'MAD', 'name': 'Moroccan Dirham'}",MA,44.0,21.8,2.4,76.6,34.1,Rabat,58.1,12.6,12289.0,1.4,77.5,35.7,36.2,111.5,19.9,3.7,238.0,98.5,63.0,83.7,117921.0,1.3,446550.0,82.7,64.8,3272.9,2.4,9.1,116.1
Peru,32972.0,South America,73.7,3.2,42376.0,46132.0,"{'code': 'PEN', 'name': 'Sol'}",PE,57.5,15.3,1.6,103.6,27.2,Lima,49.7,57.8,4419.0,7.9,79.2,72.7,68.7,105.1,12.8,4.0,819.0,98.7,78.1,109.3,222237.0,1.6,1285216.0,25.8,52.5,6947.3,2.3,860.1,108.8
Uzbekistan,33469.0,Central Asia,69.4,6.1,21867.0,14930.0,"{'code': 'UZS', 'name': 'Uzbekistan Sum'}",UZ,46.8,29.9,1.5,92.7,23.3,Tashkent,81.2,7.6,5346.0,1.1,73.6,8.2,11.8,103.4,20.8,5.1,62.0,99.6,50.4,93.9,50500.0,1.6,448969.0,78.7,55.2,1555.0,2.4,95.9,105.0
Saudi Arabia,34814.0,Western Asia,73.7,5.9,136472.0,259208.0,"{'code': 'SAR', 'name': 'Saudi Riyal'}",SA,72.9,24.8,3.1,106.8,2.3,Riyadh,532.2,0.5,15334.0,1.3,76.5,69.9,66.3,100.3,6.3,2.2,144.0,137.1,84.1,113.2,782483.0,1.9,2206714.0,16.2,93.3,23217.2,2.3,72.5,99.2
Malaysia,32366.0,South-Eastern Asia,74.0,3.4,204906.0,238089.0,"{'code': 'MYR', 'name': 'Malaysian Ringgit'}",MY,63.1,26.8,2.7,85.4,10.1,Kuala Lumpur,211.0,67.6,25832.0,2.1,78.1,49.9,40.7,106.0,5.9,4.7,1662.0,105.7,76.6,78.8,358579.0,1.3,330323.0,98.5,81.2,11373.3,2.0,266.5,104.6
"Venezuela, Bolivarian Republic Of",28436.0,South America,68.4,9.4,1051.0,3783.0,"{'code': 'VEF', 'name': 'Bolavar'}",VE,75.5,16.1,1.4,91.6,8.4,Caracas,113.7,52.9,427.0,36.7,76.1,100.3,59.3,96.0,25.7,-18.0,379.0,96.8,88.2,84.7,208338.0,-1.1,912050.0,32.2,72.0,7212.2,2.3,452.6,98.3
Nepal,29137.0,Southern Asia,68.8,1.5,4737.0,588.0,"{'code': 'NPR', 'name': 'Nepalese Rupee'}",NP,20.2,15.3,3.2,83.0,64.5,Kathmandu,10.1,25.4,1173.0,2.3,71.7,12.8,12.0,143.5,27.9,6.7,109.0,84.5,20.2,77.4,27830.0,1.5,147181.0,203.3,34.0,990.6,1.9,19.3,140.8
Afghanistan,38928.0,Southern Asia,62.8,11.2,8370.0,1038.0,"{'code': 'AFN', 'name': 'Afghani'}",AF,39.4,18.3,4.0,40.0,42.4,Kabul,,2.1,,6.7,65.8,4.9,14.2,82.9,51.7,-1.7,40.0,105.4,25.8,70.1,20514.0,2.5,652864.0,59.6,13.5,551.9,4.6,2826.4,124.2
Yemen,29826.0,Western Asia,64.4,12.8,4716.0,24.0,"{'code': 'YER', 'name': 'Yemeni Rial'}",YE,61.4,10.0,4.4,43.3,28.6,Sana'a,8.9,1.0,367.0,6.8,67.7,6.2,14.0,87.1,43.2,-1.3,313.0,101.5,37.3,59.6,26672.0,2.4,527968.0,56.5,26.7,935.9,3.8,3922.9,99.9
Ghana,31073.0,Western Africa,62.6,4.5,10440.0,16768.0,"{'code': 'GHS', 'name': 'Ghana Cedi'}",GH,49.4,22.2,3.6,64.5,28.5,Accra,13.8,41.0,897.0,2.1,64.7,13.6,17.7,105.6,35.6,6.3,255.0,102.8,56.7,64.6,65535.0,2.2,238537.0,136.6,39.0,2201.6,3.9,13.4,104.1
Mozambique,31255.0,Eastern Africa,57.0,3.2,8270.0,5878.0,"{'code': 'MZN', 'name': 'Mozambique Metical'}",MZ,21.5,8.6,4.5,33.4,69.9,Maputo,7.6,48.2,2743.0,3.5,62.8,6.5,8.1,108.4,53.9,3.4,426.0,94.5,36.5,37.4,14717.0,2.9,799380.0,39.7,10.0,498.9,4.9,25.1,116.8
Australia,25500.0,Oceania,81.2,5.3,221481.0,266377.0,"{'code': 'AUD', 'name': 'Australian Dollar'}",AU,77.7,19.8,1.6,141.2,2.5,Canberra,384.6,16.2,9246.0,0.9,85.2,133.3,93.8,100.3,3.1,2.0,1308.0,99.2,86.1,159.0,1453871.0,1.3,7692060.0,3.3,86.5,58392.7,1.8,129.2,100.3
Syrian Arab Republic,17501.0,Western Asia,65.9,8.4,980.0,534.0,"{'code': 'SYP', 'name': 'Syrian Pound'}",SY,63.0,26.5,-3.6,52.4,10.5,Damascus,23.0,2.7,5070.0,0.9,77.7,42.8,37.5,80.2,15.5,2.4,147.0,100.2,54.8,52.7,16628.0,-0.6,185180.0,95.3,34.3,981.3,2.8,6386.7,83.1
Madagascar,27691.0,Eastern Africa,64.9,1.8,3603.0,2689.0,"{'code': 'MGA', 'name': 'Malagasy Ariary'}",MG,27.1,9.1,4.7,37.1,63.8,Antananarivo,,21.4,291.0,,68.1,5.2,5.5,143.1,29.0,4.6,2910.0,99.6,37.9,36.0,13851.0,2.7,587295.0,47.6,9.8,527.4,4.1,0.2,142.0
Angola,32866.0,Middle Africa,57.8,6.8,21340.0,50822.0,"{'code': 'AOA', 'name': 'Kwanza'}",AO,41.7,8.1,4.7,39.7,50.2,Luanda,18.0,46.4,218.0,4.8,63.4,8.5,10.2,105.9,61.5,-1.2,171.0,97.9,66.2,61.8,105902.0,3.3,1246700.0,26.4,14.3,3437.3,5.6,70.1,121.1
Cameroon,26546.0,Middle Africa,57.5,3.4,3262.0,1750.0,"{'code': 'XAF', 'name': 'Cfa Franc, Beac'}",CM,42.1,15.1,3.8,55.4,42.9,Yaoundã,6.2,39.8,1081.0,1.4,60.0,11.4,14.1,98.0,61.2,4.1,890.0,100.1,57.0,64.6,38694.0,2.6,475650.0,56.2,23.2,1534.5,4.6,1463.2,108.7
Sri Lanka,21413.0,Southern Asia,73.3,4.2,17992.0,12589.0,"{'code': 'LKR', 'name': 'Sri Lanka Rupee'}",LK,45.9,30.4,0.5,102.6,23.7,Colombo,23.1,33.0,2334.0,2.4,80.0,23.4,15.8,99.6,7.6,3.2,641.0,92.1,18.6,98.0,88942.0,0.5,65610.0,341.5,34.1,4189.7,2.2,37.6,100.7
Romania,19238.0,Eastern Europe,72.4,3.9,96644.0,77299.0,"{'code': 'RON', 'name': 'Romanian Leu'}",RO,48.6,30.1,-0.5,91.4,21.3,Bucharest,70.8,29.8,11720.0,1.3,79.3,55.4,43.8,84.6,6.7,4.0,140.0,94.6,54.1,91.1,239552.0,-0.7,238391.0,83.6,70.7,12280.8,1.6,4.8,85.7
Burkina Faso,20903.0,Western Africa,60.1,6.4,5193.0,2927.0,"{'code': 'XOF', 'name': 'Cfa Franc, Bceao'}",BF,41.4,33.9,5.2,40.7,24.7,Ouagadougou,,19.6,144.0,1.3,61.6,4.8,8.2,95.3,54.2,6.8,36.0,99.9,30.0,40.7,16200.0,2.9,272967.0,76.4,16.0,820.2,5.2,196.3,96.9
Nigeria,206140.0,Western Africa,53.3,8.0,72765.0,79964.0,"{'code': 'NGN', 'name': 'Naira'}",NG,53.1,12.2,4.6,39.8,34.7,Abuja,86.0,7.7,1889.0,34.5,55.1,8.3,12.0,82.2,62.1,1.9,380.0,102.8,51.2,44.1,421821.0,2.6,923768.0,226.3,42.0,2153.5,5.4,2211.1,87.2
Kazakhstan,18777.0,Central Asia,68.8,4.6,38357.0,57723.0,"{'code': 'KZT', 'name': 'Tenge'}",KZ,64.1,20.5,1.7,113.8,15.4,Nur-Sultan,255.8,1.2,4560.0,5.1,77.4,68.4,55.4,105.3,7.7,4.1,81.0,94.3,57.5,112.7,179340.0,1.3,2724902.0,7.0,78.9,9789.5,2.8,8.9,103.5
Netherlands,17135.0,Western Europe,80.3,3.0,514513.0,577617.0,"{'code': 'EUR', 'name': 'Euro'}",NL,82.2,15.8,1.0,136.5,2.0,Amsterdam,155.6,11.2,18780.0,0.6,83.8,90.9,79.3,104.2,2.5,2.6,71.0,99.3,91.9,134.7,914105.0,0.2,41542.0,508.2,94.7,53583.1,1.7,109.1,104.2
Chile,19116.0,South America,77.4,7.1,69591.0,69681.0,"{'code': 'CLP', 'name': 'Chilean Peso'}",CL,69.2,22.0,1.0,102.0,8.8,Santiago,86.1,23.9,5723.0,4.4,82.3,94.7,82.5,99.9,6.7,4.0,240.0,97.3,87.6,101.6,298231.0,1.2,756102.0,25.7,82.3,15923.4,1.6,385.5,102.9
Malawi,19130.0,Eastern Africa,60.3,5.7,360.0,819.0,"{'code': 'MWK', 'name': 'Malawi Kwacha'}",MW,43.0,13.8,3.9,39.9,43.2,Lilongwe,,33.4,871.0,1.8,66.6,0.6,1.0,143.1,41.3,4.0,130.0,97.3,17.2,40.6,7196.0,2.7,118484.0,202.9,13.8,396.6,4.2,39.3,141.8
Ecuador,17643.0,South America,74.0,4.2,22425.0,22245.0,"{'code': 'USD', 'name': 'Us Dollar'}",EC,52.5,18.2,1.8,102.8,29.4,Quito,34.3,50.5,2535.0,5.8,79.6,48.4,41.5,104.1,13.6,1.4,2501.0,100.1,64.0,100.1,108398.0,1.7,257217.0,71.0,57.3,6344.9,2.4,420.5,102.4
Guatemala,17916.0,Central America,71.0,2.5,19871.0,11289.0,"{'code': 'GTQ', 'name': 'Quetzal'}",GT,50.3,18.4,2.7,51.4,31.3,Guatemala City,15.7,33.0,1781.0,22.5,76.8,23.6,20.0,100.5,20.7,3.1,352.0,97.1,51.4,54.0,78461.0,1.9,108889.0,167.2,65.0,4549.0,2.9,146.8,103.2
Mali,20251.0,Western Africa,58.0,7.3,8277.0,879.0,"{'code': 'XOF', 'name': 'Cfa Franc, Bceao'}",ML,30.2,7.6,5.0,37.0,62.3,Bamako,,3.9,193.0,,59.5,2.7,6.3,71.6,65.8,6.7,62.0,100.4,43.1,45.0,17172.0,3.0,1240192.0,16.6,13.0,900.1,5.9,182.9,79.5
Cambodia,16719.0,South-Eastern Asia,67.2,0.7,21413.0,14276.0,"{'code': 'KHR', 'name': 'Riel'}",KH,39.2,29.6,3.4,41.6,31.2,Phnom Penh,10.8,53.6,6201.0,1.8,71.5,12.9,14.4,106.1,23.7,7.5,280.0,95.4,23.8,48.7,24572.0,1.5,181035.0,94.7,40.0,1512.1,2.5,57.4,108.7
Senegal,16744.0,Western Africa,65.3,6.7,8143.0,4175.0,"{'code': 'XOF', 'name': 'Cfa Franc, Bceao'}",SN,56.9,13.6,3.9,45.7,29.4,Dakar,8.3,43.0,1365.0,0.3,69.4,10.3,15.2,86.1,32.7,6.8,145.0,95.3,47.7,41.7,23809.0,2.8,196712.0,87.0,46.0,1501.7,4.6,16.2,75.9
Zambia,18384.0,Eastern Africa,60.3,11.4,7221.0,7029.0,"{'code': 'ZMW', 'name': 'Zambian Kwacha'}",ZM,40.7,10.8,4.3,,48.5,Lusaka,6.0,65.4,1072.0,5.4,66.2,3.5,4.8,99.9,45.6,4.1,107.0,98.1,44.1,,27283.0,2.9,752612.0,24.7,14.3,1572.3,4.7,81.8,97.5
Zimbabwe,14863.0,Eastern Africa,59.2,5.0,4787.0,4279.0,"{'code': 'ZWL', 'name': 'Zimbabwe Dollar'}",ZW,27.2,6.5,1.8,51.3,66.3,Harare,9.7,36.4,2580.0,7.5,62.2,9.2,10.9,108.7,38.7,4.8,122.0,91.3,32.2,53.5,24312.0,1.5,390757.0,38.4,27.1,1683.8,3.6,20.8,111.1
Chad,16426.0,Middle Africa,52.4,1.9,319.0,613.0,"{'code': 'XAF', 'name': 'Cfa Franc, Beac'}",TD,21.6,2.1,3.8,14.2,76.3,N'djamena,,3.9,87.0,,55.2,1.5,5.0,75.5,74.5,2.4,48.0,99.7,23.3,30.9,11387.0,3.0,1284000.0,13.0,6.5,735.7,5.8,667.4,98.2
South Sudan,11194.0,Eastern Africa,56.0,12.3,1238.0,1091.0,"{'code': 'SSP', 'name': 'S. Sudanese Pound'}",SS,29.7,14.1,4.4,7.7,56.1,Juba,1.5,,,14.9,58.9,,,60.4,64.4,3.4,61.0,100.2,19.9,14.3,8207.0,0.9,658841.0,18.3,8.0,747.7,4.7,2189.6,85.3
Belgium,11590.0,Western Europe,79.0,5.7,426489.0,445214.0,"{'code': 'EUR', 'name': 'Euro'}",BE,78.4,20.6,0.7,167.8,0.9,Brussels,90.4,22.6,9119.0,1.7,83.7,90.5,69.3,104.0,2.8,1.5,66.0,98.3,98.0,149.7,543026.0,0.5,30528.0,382.7,88.7,47293.0,1.7,83.5,103.9
Cuba,11327.0,Caribbean,76.7,1.6,7498.0,828.0,"{'code': 'CUP', 'name': 'Cuban Peso'}",CU,65.9,16.8,0.3,101.9,17.3,Havana,26.2,30.8,4684.0,5.0,80.7,51.0,32.3,99.6,4.5,2.2,357.0,98.6,77.1,100.4,100023.0,0.0,109884.0,106.4,57.1,8821.8,1.6,0.3,104.1
Tunisia,11819.0,Northern Africa,74.4,16.2,22453.0,15489.0,"{'code': 'TND', 'name': 'Tunisian Dinar'}",TN,54.8,32.5,1.6,99.3,12.7,Tunis,26.2,6.7,8299.0,3.1,78.5,41.2,22.8,114.9,12.7,2.5,107.0,98.4,69.3,86.9,39895.0,1.1,163610.0,76.1,64.2,3449.6,2.2,2.0,115.9
Guinea,13133.0,Western Africa,60.3,4.3,2032.0,2384.0,"{'code': 'GNF', 'name': 'Guinean Franc'}",GN,32.5,6.2,3.1,31.0,61.3,Conakry,,25.9,99.0,,61.5,7.0,16.2,82.4,51.6,5.8,365.0,93.7,36.5,47.5,11640.0,2.8,245857.0,53.4,18.0,937.6,4.7,6.4,100.5
Greece,10423.0,Southern Europe,79.5,15.5,62198.0,37886.0,"{'code': 'EUR', 'name': 'Euro'}",GR,73.1,15.2,0.1,101.4,11.7,Athens,63.2,31.5,30123.0,0.9,84.5,137.0,136.2,99.6,2.8,1.9,520.0,96.4,79.4,107.5,218139.0,-0.4,131957.0,80.9,73.0,20731.2,1.3,147.1,99.5
Portugal,10197.0,Southern Europe,78.7,5.9,89929.0,67012.0,"{'code': 'EUR', 'name': 'Euro'}",PT,69.8,24.6,0.5,118.7,5.7,Lisbon,50.8,34.7,16186.0,0.8,84.6,67.7,60.1,104.4,3.0,2.4,465.0,89.8,65.8,121.1,240792.0,-0.3,92226.0,111.3,74.7,23477.7,1.3,3.0,107.9
Rwanda,12952.0,Eastern Africa,66.3,1.0,3214.0,992.0,"{'code': 'RWF', 'name': 'Rwanda Franc'}",RW,29.2,9.1,2.6,43.3,61.7,Kigali,,19.5,932.0,2.6,70.5,6.0,7.5,132.1,29.2,8.6,168.0,96.7,17.3,38.5,9510.0,2.6,26338.0,525.0,21.8,773.0,4.1,150.1,134.0
Czech Republic,10709.0,Eastern Europe,76.5,1.9,178552.0,198852.0,"{'code': 'CZK', 'name': 'Czech Koruna'}",CZ,60.2,37.1,0.2,103.9,2.6,Prague,101.7,34.5,13665.0,0.6,81.8,75.3,53.4,101.0,2.3,3.0,104.0,97.0,73.9,103.1,245226.0,0.2,78868.0,138.6,80.7,22992.1,1.6,5.7,100.4
Somalia,15893.0,Eastern Africa,55.3,11.4,549.0,1179.0,"{'code': 'SOS', 'name': 'Somali Shilling'}",SO,13.4,3.5,4.8,3.7,83.0,Mogadishu,,10.1,,,58.7,,,16.6,69.3,3.1,199.0,99.4,45.6,8.1,1494.0,2.8,637657.0,25.3,2.0,99.6,6.1,2694.7,30.1
Haiti,11402.0,Caribbean,61.4,13.9,3118.0,746.0,"{'code': 'HTG', 'name': 'Gourde'}",HT,65.0,6.6,3.3,,28.3,Port-Au-Prince,3.3,3.5,447.0,6.7,65.7,,,,54.3,1.5,269.0,97.4,56.2,,9287.0,1.3,27750.0,413.7,32.5,834.9,3.0,3.0,
Benin,12123.0,Western Africa,59.8,2.0,3967.0,1706.0,"{'code': 'XOF', 'name': 'Cfa Franc, Bceao'}",BJ,42.9,19.1,4.0,50.7,38.0,Porto-Novo,6.8,38.2,295.0,1.1,62.8,7.5,17.0,118.0,61.1,6.5,106.0,99.8,47.9,67.1,10412.0,2.7,114763.0,107.5,20.0,906.5,4.9,1.6,125.8
Burundi,11891.0,Eastern Africa,59.2,1.4,792.0,155.0,"{'code': 'BIF', 'name': 'Burundi Franc'}",BI,6.5,1.4,5.6,51.1,92.0,Gitega,,10.7,299.0,6.1,62.8,3.8,8.4,122.2,42.4,0.1,188.0,98.5,13.4,45.8,3285.0,3.1,27830.0,463.0,2.7,294.0,5.4,121.2,120.7
"Bolivia, Plurinational State Of",11673.0,South America,68.3,3.4,9783.0,8988.0,"{'code': 'BOB', 'name': 'Boliviano'}",BO,50.3,19.4,2.1,88.8,30.4,Sucre,21.9,50.6,1142.0,6.2,74.0,,,97.6,29.7,4.2,296.0,100.7,69.8,90.7,40288.0,1.4,1098581.0,10.8,44.3,3548.6,2.8,0.9,98.6
Hungary,9660.0,Eastern Europe,73.0,3.5,116556.0,121995.0,"{'code': 'HUF', 'name': 'Forint'}",HU,62.6,32.8,0.2,103.6,4.6,Budapest,45.8,22.7,17552.0,2.5,80.1,53.9,43.3,100.5,4.1,5.1,123.0,90.8,71.6,103.4,157883.0,-0.2,93024.0,106.7,76.1,16264.0,1.5,6.4,101.1
Sweden,10099.0,Northern Europe,80.8,6.7,158710.0,160538.0,"{'code': 'SEK', 'name': 'Swedish Krona'}",SE,80.7,17.7,1.1,157.9,1.6,Stockholm,37.6,68.9,7440.0,1.1,84.4,82.1,52.7,127.4,2.0,2.2,98.0,100.4,87.7,148.1,556086.0,0.7,438574.0,24.6,92.1,55766.8,1.8,310.4,125.8
Belarus,9449.0,Eastern Europe,69.3,4.6,39317.0,32764.0,"{'code': 'BYN', 'name': 'Belarusian Ruble'}",BY,59.0,30.2,0.7,101.7,10.8,Minsk,54.1,42.5,11502.0,2.4,79.3,95.1,80.2,100.4,3.0,3.0,30.0,87.1,79.0,103.1,59662.0,0.0,207600.0,46.6,79.1,6311.7,1.7,8.6,100.6
Dominican Republic,10848.0,Caribbean,70.7,5.9,20599.0,11117.0,"{'code': 'DOP', 'name': 'Dominican Peso'}",DO,71.3,19.9,2.5,83.0,8.8,Santo Domingo,21.4,41.0,6569.0,10.0,77.1,77.0,43.0,102.5,25.9,7.0,203.0,99.8,81.8,77.0,81299.0,1.1,48671.0,224.5,74.8,7650.1,2.4,28.9,108.8
Azerbaijan,10139.0,Western Asia,70.3,6.0,13649.0,19636.0,"{'code': 'AZN', 'name': 'Azerbaijan Manat'}",AZ,49.5,15.0,1.7,94.5,35.5,Baku,30.8,13.8,2633.0,2.2,75.3,29.7,25.9,100.0,20.8,1.4,102.0,99.8,56.0,94.4,46939.0,1.0,86600.0,122.7,79.8,4717.7,2.1,625.2,99.5
Honduras,9905.0,Central America,72.7,5.2,10059.0,4161.0,"{'code': 'HNL', 'name': 'Lempira'}",HN,50.2,19.7,3.0,55.9,30.1,Tegucigalpa,9.4,41.0,851.0,38.9,77.3,30.3,22.2,91.5,15.0,3.7,342.0,99.9,57.7,48.6,23970.0,1.7,112492.0,88.5,31.7,2500.1,2.5,251.6,91.6
Austria,9006.0,Western Europe,78.9,4.8,176596.0,171532.0,"{'code': 'EUR', 'name': 'Euro'}",AT,71.5,25.0,0.7,98.3,3.5,Vienna,64.9,46.9,30816.0,1.0,83.8,92.5,78.1,103.0,3.2,2.4,185.0,97.2,58.5,102.5,455508.0,0.7,83871.0,109.3,87.5,51230.3,1.5,163.7,103.2
United Arab Emirates,9890.0,Western Asia,77.1,2.4,244712.0,412260.0,"{'code': 'AED', 'name': 'Uae Dirham'}",AE,64.4,34.2,2.4,100.4,1.4,Abu Dhabi,196.5,4.5,21286.0,0.5,79.1,,,107.3,5.5,1.7,69.0,223.8,86.8,109.3,414179.0,1.3,83600.0,118.3,98.4,43005.0,1.4,8.7,109.4
Israel,8656.0,Western Asia,81.0,3.8,76579.0,58488.0,"{'code': 'ILS', 'name': 'New Israeli Sheqel'}",IL,82.3,16.8,1.7,106.0,0.9,Jerusalem,63.8,7.6,4121.0,1.5,84.3,74.5,52.8,105.4,2.7,3.4,207.0,99.1,92.5,104.2,370588.0,1.6,22072.0,400.0,83.7,44214.9,3.0,55.1,104.4
Switzerland,8655.0,Western Europe,81.6,4.8,276292.0,313630.0,"{'code': 'CHF', 'name': 'Swiss Franc'}",CH,77.2,20.0,1.2,100.2,2.9,Bern,37.1,31.7,10362.0,0.6,85.4,60.3,58.8,104.8,3.4,2.8,128.0,98.5,73.8,104.7,705141.0,0.8,41291.0,219.0,89.7,82708.5,1.5,120.1,105.5
Tajikistan,9538.0,Central Asia,68.6,11.0,2773.0,2065.0,"{'code': 'TJS', 'name': 'Somoni'}",TJ,39.9,16.0,2.4,83.8,44.2,Dushanbe,5.8,3.0,1035.0,1.6,73.0,26.9,35.5,100.3,29.3,7.1,48.0,101.6,27.3,93.0,7523.0,2.4,142600.0,68.1,22.0,826.6,3.6,11.3,101.4
Bulgaria,6948.0,Eastern Europe,71.3,3.8,37902.0,33638.0,"{'code': 'BGN', 'name': 'Bulgarian Lev'}",BG,63.7,30.1,-0.2,96.8,6.3,Sofia,42.8,35.2,9273.0,1.3,78.5,78.8,63.7,89.1,6.3,3.1,127.0,94.4,75.3,99.5,66199.0,-0.7,111002.0,64.0,64.8,9387.8,1.6,21.2,89.6
Serbia,8737.0,Southern Europe,73.2,12.7,26730.0,19630.0,"{'code': 'RSD', 'name': 'Serbian Dinar'}",RS,57.6,27.4,-0.1,95.6,15.1,Belgrade,46.1,31.1,1711.0,1.2,78.4,78.3,56.7,100.3,4.9,4.4,86.0,96.0,56.3,94.6,50597.0,-0.3,88499.0,99.9,73.4,7208.8,1.5,250.7,100.3
Papua New Guinea,8947.0,Melanesia,62.9,2.5,3130.0,11798.0,"{'code': 'PGK', 'name': 'Kina'}",PG,35.5,6.7,2.2,39.9,57.8,Port Moresby,,74.1,140.0,9.8,65.4,,,103.6,41.9,0.0,585.0,104.3,13.2,54.7,23077.0,2.0,462840.0,19.8,11.2,2681.4,3.6,9.9,113.2
Paraguay,7132.0,South America,72.1,4.8,12360.0,12425.0,"{'code': 'PYG', 'name': 'Guarani'}",PY,62.1,17.9,1.8,78.6,19.9,AsunciãN,7.7,38.6,1181.0,7.1,76.2,40.9,28.6,103.0,19.0,4.0,67.0,103.3,61.9,73.3,40307.0,1.3,406752.0,18.0,65.0,5794.6,2.4,4.3,105.7
Jordan,10203.0,Western Asia,72.7,14.6,19669.0,8146.0,"{'code': 'JOD', 'name': 'Jordanian Dinar'}",JO,72.6,24.4,5.8,64.2,3.0,Amman,25.6,1.1,4150.0,1.4,76.1,37.4,31.5,80.7,14.6,1.9,121.0,102.6,91.2,62.1,42231.0,1.9,89318.0,114.9,66.8,4237.8,2.8,756.1,82.2
El Salvador,6486.0,Central America,68.1,4.2,12018.0,5943.0,"{'code': 'USD', 'name': 'Us Dollar'}",SV,62.0,22.1,1.7,71.4,16.0,San Salvador,5.7,12.8,1677.0,52.0,77.5,31.1,27.5,93.3,14.6,2.5,107.0,88.0,72.7,71.9,26057.0,0.5,21041.0,313.0,33.8,4058.2,2.1,75.3,96.3
Eritrea,3546.0,Eastern Africa,63.6,5.2,5677.0,18.0,"{'code': 'ERN', 'name': 'Nakfa'}",ER,30.7,8.5,3.6,45.4,60.8,Asmara,0.6,15.0,142.0,,68.0,2.8,3.9,63.1,34.7,4.2,143.0,100.5,40.7,49.9,6855.0,1.2,117600.0,35.1,1.3,1985.4,4.1,0.9,73.6
Libya,6871.0,Northern Africa,69.9,18.6,2450.0,489.0,"{'code': 'LYD', 'name': 'Libyan Dinar'}",LY,59.5,21.7,0.5,106.0,18.8,Tripoli,41.5,0.1,34.0,,75.7,,,106.6,10.5,17.9,75.0,101.9,80.4,90.2,34377.0,1.4,1676198.0,3.9,21.8,5147.3,2.2,321.4,111.3
Togo,8279.0,Western Africa,59.7,2.0,1844.0,917.0,"{'code': 'XOF', 'name': 'Cfa Franc, Bceao'}",TG,49.9,12.9,4.0,52.1,37.2,Lomã,2.1,3.5,573.0,,61.4,9.8,19.2,121.5,49.7,4.9,94.0,99.0,42.2,71.6,5165.0,2.5,56785.0,152.2,12.4,654.8,4.4,13.0,126.0
Sierra Leone,7977.0,Western Africa,53.2,4.4,741.0,44.0,"{'code': 'SLL', 'name': 'Leone'}",SL,39.1,6.5,3.3,41.1,54.4,Freetown,,42.2,57.0,1.7,54.8,,,114.7,80.8,4.6,236.0,99.6,42.5,42.5,4101.0,2.1,72300.0,110.5,9.0,536.1,4.3,0.4,110.8
Nicaragua,6625.0,Central America,70.6,7.4,8426.0,3998.0,"{'code': 'NIO', 'name': 'Cordoba Oro'}",NI,53.8,15.6,1.5,78.0,30.6,Managua,5.1,25.9,1256.0,7.2,77.7,,,120.1,16.8,-3.8,161.0,97.2,58.8,69.1,13118.0,1.2,130373.0,55.0,27.9,2028.9,2.4,0.8,121.1
Kyrgyzstan,6524.0,Central Asia,67.2,6.6,5906.0,2517.0,"{'code': 'KGS', 'name': 'Som'}",KG,54.9,24.7,1.8,95.0,20.4,Bishkek,8.9,3.3,6947.0,2.2,75.4,46.7,36.0,107.2,15.5,3.5,43.0,97.9,36.6,95.1,8093.0,1.8,199949.0,34.0,38.0,1283.8,3.0,0.6,107.9
Denmark,5792.0,Northern Europe,78.7,4.8,97196.0,109942.0,"{'code': 'DKK', 'name': 'Danish Krone'}",DK,79.6,18.3,0.6,129.8,2.1,Copenhagen,31.3,15.3,12749.0,1.0,82.7,93.6,68.4,100.9,3.1,2.4,77.0,98.9,88.0,128.4,355675.0,0.4,42921.0,136.5,97.3,61833.7,1.8,47.4,101.6
Finland,5541.0,Northern Europe,78.8,6.7,73335.0,72802.0,"{'code': 'EUR', 'name': 'Euro'}",FI,74.5,22.0,0.8,161.5,3.5,Helsinki,42.6,73.1,3224.0,1.6,84.5,95.7,81.0,99.9,1.7,1.7,61.0,97.3,85.4,146.8,276878.0,0.2,338440.0,18.2,88.9,50135.7,1.5,35.0,100.4
Slovakia,5460.0,Eastern Europe,73.7,5.1,90979.0,90050.0,"{'code': 'EUR', 'name': 'Euro'}",SK,61.8,36.1,-0.2,91.6,2.1,Bratislava,32.2,40.3,2256.0,1.1,80.8,56.6,37.1,98.4,4.8,4.0,116.0,94.9,53.7,90.5,105956.0,0.1,49035.0,113.5,80.7,19430.8,1.5,2.5,99.0
Singapore,5850.0,South-Eastern Asia,81.2,4.4,358975.0,390332.0,"{'code': 'SGD', 'name': 'Singapore Dollar'}",SG,84.1,15.2,1.7,107.0,0.7,Singapore,47.4,23.1,14673.0,0.2,85.5,91.2,78.9,100.6,1.6,3.2,326.0,109.8,100.0,108.1,361115.0,0.9,719.0,8357.6,88.2,62720.9,1.2,1.3,100.7
Turkmenistan,6031.0,Central Asia,64.5,4.1,2764.0,3962.0,"{'code': 'TMT', 'name': 'Turkmen. Manat'}",TM,37.9,42.6,2.5,84.0,19.5,Ashgabat,69.0,8.8,8.0,4.2,71.5,6.2,9.7,87.5,43.3,6.2,59.0,97.0,52.0,87.6,40749.0,1.6,488100.0,12.8,21.3,6964.6,2.8,5.2,89.2
Norway,5421.0,Northern Europe,80.2,3.3,86145.0,104030.0,"{'code': 'NOK', 'name': 'Norwegian Krone'}",NO,78.9,19.1,1.7,114.2,2.0,Oslo,34.8,33.2,5688.0,0.5,84.2,98.7,66.3,100.2,2.1,1.3,115.0,102.2,82.6,119.4,434167.0,0.8,386194.0,14.8,96.5,81335.7,1.7,59.9,100.3
Lebanon,6825.0,Western Asia,77.0,6.3,18472.0,3154.0,"{'code': 'LBP', 'name': 'Lebanese Pound'}",LB,64.3,22.3,6.2,,13.4,Beirut,26.9,13.4,1964.0,2.5,80.8,,,,9.4,0.2,109.0,101.4,88.8,,56409.0,0.9,10452.0,667.2,78.2,8223.7,2.1,949.6,
Costa Rica,5094.0,Central America,77.4,12.7,16106.0,11449.0,"{'code': 'CRC', 'name': 'Costa Rican Colon'}",CR,68.3,19.8,2.5,137.7,11.9,San Josã,7.6,54.0,3017.0,11.3,82.7,60.7,50.0,113.8,7.3,2.7,363.0,99.8,80.1,128.1,60126.0,1.0,51100.0,99.8,74.1,12026.5,1.8,79.2,112.8
Central African Republic,4830.0,Middle Africa,50.5,3.7,89.0,324.0,"{'code': 'XAF', 'name': 'Cfa Franc, Beac'}",CF,17.5,5.4,1.1,13.8,77.1,Bangui,,35.6,107.0,20.1,54.9,1.6,4.4,89.4,81.9,4.3,73.0,98.3,41.8,20.5,2243.0,1.4,622984.0,7.8,4.3,480.7,4.8,712.6,114.6
Ireland,4938.0,Northern Europe,80.4,5.2,101473.0,170743.0,"{'code': 'EUR', 'name': 'Euro'}",IE,77.0,18.5,0.6,124.3,4.5,Dublin,35.7,10.9,10926.0,0.9,83.7,82.0,73.7,100.7,2.7,8.2,79.0,98.6,63.4,126.3,382674.0,1.2,69797.0,71.7,84.5,79414.6,1.8,14.4,101.0
Georgia,3989.0,Western Asia,69.1,14.7,9098.0,3764.0,"{'code': 'GEL', 'name': 'Lari'}",GE,44.5,14.2,-0.7,106.8,41.3,Tbilisi,8.7,40.6,4757.0,2.2,77.9,68.1,60.2,99.2,9.4,4.8,126.0,91.1,59.0,105.3,17600.0,-0.2,69700.0,57.4,62.7,4396.7,2.1,287.4,98.1
New Zealand,4822.0,Oceania,80.3,4.0,42271.0,39540.0,"{'code': 'NZD', 'name': 'New Zealand Dollar'}",NZ,75.1,19.4,1.1,118.2,5.6,Wellington,32.2,38.6,3686.0,0.7,83.8,97.2,67.9,100.2,3.8,2.8,261.0,96.7,86.6,111.1,207921.0,0.9,268107.0,18.3,90.8,43836.2,1.9,2.6,99.8
Congo,5518.0,Middle Africa,62.7,9.3,2242.0,5576.0,"{'code': 'XAF', 'name': 'Cfa Franc, Beac'}",CG,44.5,21.7,3.3,48.8,33.8,Brazzaville,2.8,65.4,156.0,,65.6,10.1,15.2,110.5,35.3,1.0,155.0,99.8,67.4,56.3,14173.0,2.6,342000.0,16.2,8.6,2702.6,4.4,189.8,102.8
"Palestine, State Of",5101.0,Western Asia,72.2,26.1,6608.0,1124.0,,PS,62.4,31.7,3.1,93.9,5.9,East Jerusalem,,1.5,606.0,0.5,75.5,54.3,34.5,98.7,17.5,1.2,39.0,102.9,76.4,85.2,16277.0,2.4,6020.0,847.4,64.4,3347.0,3.7,0.0,98.5
Liberia,5058.0,Western Africa,62.2,2.7,345.0,841.0,"{'code': 'LRD', 'name': 'Liberian Dollar'}",LR,46.9,10.1,3.4,32.9,43.0,Monrovia,,43.4,,3.3,65.0,9.2,14.7,84.7,54.1,1.2,218.0,101.1,51.6,42.8,2122.0,2.5,111369.0,52.5,8.0,440.3,4.4,8.8,85.5
Croatia,4105.0,Southern Europe,75.0,7.1,28004.0,17063.0,"{'code': 'HRK', 'name': 'Kuna'}",HR,66.8,27.5,-0.1,101.8,5.8,Zagreb,16.2,34.0,16645.0,0.6,81.4,78.8,57.4,96.5,4.0,2.7,212.0,93.1,57.2,97.1,60991.0,-0.6,56594.0,73.4,75.3,14674.0,1.4,8.3,96.4
Oman,5107.0,Western Asia,75.8,2.6,23383.0,38723.0,"{'code': 'OMR', 'name': 'Rial Omani'}",OM,62.7,32.8,8.0,102.5,4.4,Muscat,65.5,0.0,2301.0,0.3,80.0,55.6,26.4,108.6,7.3,2.1,112.0,194.1,85.4,111.0,92111.0,3.6,309500.0,16.5,80.2,19072.8,2.9,0.6,98.6
Bosnia And Herzegovina,3281.0,Southern Europe,74.6,18.4,11159.0,6578.0,"{'code': 'BAM', 'name': 'Convertible Mark'}",BA,52.6,32.3,-0.3,,15.1,Sarajevo,22.3,42.7,1053.0,1.2,79.6,,,,6.0,2.6,104.0,96.0,48.6,,19782.0,-0.9,51209.0,64.3,70.1,5951.4,1.3,151.7,
Puerto Rico,2861.0,Caribbean,76.2,8.4,,,"{'code': 'USD', 'name': 'Us Dollar'}",PR,83.5,15.5,-0.3,85.4,1.0,San Juan,,55.9,3068.0,21.1,83.3,116.2,79.8,82.8,5.5,-4.9,146.0,90.0,93.6,78.7,101131.0,-3.3,8868.0,322.5,70.6,33271.2,1.2,,83.2
Kuwait,4271.0,Western Asia,74.6,2.3,40063.0,81282.0,"{'code': 'KWD', 'name': 'Kuwaiti Dinar'}",KW,73.7,24.4,5.4,101.0,2.0,Kuwait City,89.4,0.4,8508.0,1.8,76.4,76.1,35.8,97.2,7.1,1.2,57.0,157.9,100.0,94.9,141698.0,2.1,17818.0,239.7,99.6,34248.8,2.1,93.7,88.1
"Moldova, Republic Of",4034.0,Eastern Europe,67.4,5.4,5842.0,2779.0,"{'code': 'MDL', 'name': 'Moldovan Leu'}",MD,47.5,17.1,-0.2,86.5,35.4,Chisinau,7.5,12.4,160.0,4.1,75.9,45.7,34.2,90.6,12.4,2.8,33.0,91.9,42.7,87.3,11309.0,-0.2,33846.0,122.8,76.1,2791.0,1.3,4.2,90.6
Mauritania,4650.0,Western Africa,63.0,9.6,3525.0,2301.0,"{'code': 'MRU', 'name': 'Ouguiya'}",MR,36.3,13.1,4.8,37.1,50.6,Nouakchott,,0.2,,,66.2,3.3,6.6,102.8,53.4,3.6,94.0,100.9,54.5,36.5,7620.0,2.8,1030700.0,4.5,20.8,1730.4,4.6,87.3,97.1
Panama,4315.0,Central America,75.1,3.8,12836.0,713.0,"{'code': 'PAB', 'name': 'Balboa'}",PA,67.5,18.8,2.2,78.3,13.7,Panama City,9.6,62.3,1785.0,9.4,81.5,58.6,37.3,93.4,14.1,3.7,400.0,100.2,68.1,74.1,65055.0,1.7,75320.0,58.0,57.9,15575.1,2.5,113.5,95.4
Uruguay,3474.0,South America,73.9,8.8,8226.0,7886.0,"{'code': 'UYU', 'name': 'Peso Uruguayo'}",UY,73.4,18.7,0.5,126.6,7.9,Montevideo,5.9,10.5,3469.0,12.1,81.3,58.0,34.5,107.6,8.7,1.6,116.0,93.5,95.4,114.1,59597.0,0.4,173626.0,19.8,74.8,17278.1,2.0,21.5,109.3
Armenia,2963.0,Western Asia,71.1,16.6,5053.0,2612.0,"{'code': 'AMD', 'name': 'Armenian Dram'}",AM,53.6,17.5,0.2,84.8,28.9,Yerevan,5.2,11.7,1652.0,1.7,78.3,62.6,47.1,92.7,10.8,5.2,119.0,88.8,63.2,81.7,12433.0,0.3,29743.0,104.1,64.7,4212.1,1.8,19.0,92.7
Lithuania,2722.0,Northern Europe,70.0,6.3,35612.0,33123.0,"{'code': 'EUR', 'name': 'Euro'}",LT,67.4,25.9,-1.1,106.0,6.6,Vilnius,10.8,34.8,2825.0,4.6,81.1,84.0,61.4,103.9,4.0,3.6,41.0,86.2,67.9,110.6,53455.0,-1.5,65286.0,43.4,79.7,19082.5,1.7,5.1,103.9
Albania,2878.0,Southern Europe,76.7,12.8,5908.0,2720.0,"{'code': 'ALL', 'name': 'Lek'}",AL,43.7,20.2,1.8,95.7,36.1,Tirana,4.3,28.2,5340.0,2.3,80.1,67.6,43.0,109.1,8.0,4.1,142.0,103.7,61.2,95.2,15059.0,-0.1,28748.0,105.0,71.8,5223.8,1.6,4.3,105.2
Mongolia,3278.0,Eastern Asia,65.5,6.0,6039.0,7433.0,"{'code': 'MNT', 'name': 'Tugrik'}",MN,53.6,19.5,2.1,94.8,26.9,Ulaanbaatar,19.3,8.1,529.0,6.2,73.8,76.7,54.7,102.8,18.1,6.7,43.0,97.1,68.5,88.3,13010.0,1.8,1564116.0,2.1,47.2,4103.7,2.9,0.1,105.3
Jamaica,2961.0,Caribbean,72.8,8.0,6339.0,1586.0,"{'code': 'JMD', 'name': 'Jamaican Dollar'}",JM,68.1,16.2,0.8,83.6,15.7,Kingston,7.0,31.0,2473.0,43.9,75.9,34.7,19.9,88.9,11.8,1.9,323.0,98.5,56.0,81.0,15714.0,0.5,10990.0,273.4,55.1,5354.3,2.0,0.0,93.0
Namibia,2541.0,Southern Africa,60.0,20.6,8086.0,6258.0,"{'code': 'NAD', 'name': 'Namibia Dollar'}",NA,61.8,16.4,4.6,70.0,21.8,Windhoek,4.0,8.4,1499.0,17.7,65.8,30.3,15.3,122.1,33.4,-0.1,117.0,94.1,51.0,61.5,14519.0,1.9,824116.0,3.1,51.0,5930.1,3.4,4.3,126.4
Lesotho,2142.0,Southern Africa,50.4,22.8,1171.0,345.0,"{'code': 'LSL', 'name': 'Loti'}",LS,49.6,41.9,2.9,71.3,8.4,Maseru,,1.6,1173.0,43.6,56.8,12.4,8.0,117.8,62.3,1.2,19.0,97.4,28.6,52.8,2631.0,0.8,30355.0,70.6,29.0,1248.0,3.2,0.1,124.1
Qatar,2881.0,Western Asia,78.9,0.1,29178.0,72935.0,"{'code': 'QAR', 'name': 'Qatari Rial'}",QA,44.5,54.4,6.7,102.7,1.2,Doha,80.1,0.0,1819.0,0.4,81.8,54.9,7.0,104.4,6.3,1.5,50.0,302.4,99.2,108.3,191362.0,2.3,11607.0,248.2,99.7,68793.7,1.9,1.5,103.3
"Macedonia, The Former Yugoslav Republic Of",2083.0,Southern Europe,73.6,16.4,9470.0,7186.0,"{'code': 'MKD', 'name': 'Denar'}",MK,53.5,31.4,0.2,80.3,15.1,Skopje,7.4,39.6,707.0,1.2,77.6,48.6,36.7,97.1,10.7,3.3,133.0,100.1,58.2,82.5,12629.0,0.0,25713.0,82.6,79.2,6062.9,1.5,17.6,97.2
Slovenia,2079.0,Southern Europe,78.2,3.8,38179.0,37557.0,"{'code': 'EUR', 'name': 'Euro'}",SI,61.5,33.5,0.7,117.1,5.1,Ljubljana,13.4,62.0,4425.0,0.5,83.8,93.0,64.9,100.6,1.9,4.1,175.0,99.2,54.8,114.2,54034.0,0.1,20273.0,103.2,79.8,26005.1,1.6,1.2,100.2
Botswana,2352.0,Southern Africa,66.0,18.7,6559.0,5238.0,"{'code': 'BWP', 'name': 'Pula'}",BW,61.5,18.1,3.3,83.5,20.4,Gaborone,7.7,19.1,1623.0,15.2,71.9,29.2,20.5,102.1,30.2,4.5,33.0,93.9,70.2,76.4,18615.0,2.1,582000.0,4.1,47.0,8258.2,2.9,2.3,104.4
Latvia,1886.0,Northern Europe,69.9,6.5,17768.0,14447.0,"{'code': 'EUR', 'name': 'Euro'}",LV,69.8,23.7,-1.2,110.2,6.5,Riga,6.7,54.0,1946.0,4.4,79.8,105.1,72.0,99.5,3.3,4.6,40.0,85.5,68.2,111.3,34426.0,-1.1,64573.0,30.3,83.6,17851.6,1.7,225.5,99.3
Gambia,2417.0,Western Africa,60.2,9.1,494.0,25.0,"{'code': 'GMD', 'name': 'Dalasi'}",GM,57.7,15.8,4.4,49.1,26.6,Banjul,,48.2,552.0,,63.0,2.2,3.2,102.5,44.8,6.5,87.0,98.4,61.9,51.2,1633.0,2.9,11295.0,238.8,19.8,716.1,5.2,4.4,93.6
Serbia,8737.0,Southern Europe,73.2,12.7,26730.0,19630.0,"{'code': 'RSD', 'name': 'Serbian Dinar'}",RS,57.6,27.4,-0.1,95.6,15.1,Belgrade,46.1,31.1,1711.0,1.2,78.4,78.3,56.7,100.3,4.9,4.4,86.0,96.0,56.3,94.6,50597.0,-0.3,88499.0,99.9,73.4,7208.8,1.5,250.7,100.3
Guinea-Bissau,1968.0,Western Africa,55.8,2.5,188.0,3731.0,"{'code': 'XOF', 'name': 'Cfa Franc, Bceao'}",GW,25.2,7.0,3.6,,67.8,Bissau,,70.1,45.0,1.1,59.7,,,114.5,57.1,3.8,92.0,95.8,43.8,,1459.0,2.5,36125.0,70.0,3.9,778.4,4.5,1.9,122.9
Gabon,2226.0,Middle Africa,64.0,20.2,2548.0,486.0,"{'code': 'XAF', 'name': 'Cfa Franc, Beac'}",GA,56.9,10.8,3.9,,32.4,Libreville,3.4,89.3,269.0,,68.2,,,137.7,35.3,1.2,329.0,103.7,89.7,,16994.0,2.7,267668.0,8.6,62.0,8018.8,4.0,0.7,142.1
Equatorial Guinea,1403.0,Middle Africa,57.3,6.5,3902.0,3939.0,"{'code': 'XAF', 'name': 'Cfa Franc, Beac'}",GQ,38.9,18.5,5.6,22.1,42.5,Malabo,,55.9,,,59.4,,,61.6,66.1,-4.7,205.0,125.3,72.6,29.9,13324.0,3.7,28052.0,50.0,26.2,10179.2,4.6,,62.0
Trinidad And Tobago,1400.0,Caribbean,70.7,2.8,1951.0,12336.0,"{'code': 'TTD', 'name': 'Tt Dollar'}",TT,70.5,26.6,0.2,,2.9,Port Of Spain,18.0,45.7,375.0,30.6,76.0,,,104.4,22.0,-0.2,126.0,97.5,53.2,,23808.0,0.4,5127.0,272.8,77.3,17130.3,1.7,43.0,108.0
Estonia,1326.0,Northern Europe,74.0,5.4,18659.0,16811.0,"{'code': 'EUR', 'name': 'Euro'}",EE,67.6,29.4,-0.2,118.9,3.1,Tallinn,16.0,51.3,3234.0,2.1,82.5,84.8,55.4,97.3,2.0,4.8,48.0,90.0,69.1,116.2,30747.0,0.2,45227.0,31.3,89.4,23241.9,1.6,77.0,97.2
Mauritius,1272.0,Eastern Africa,71.4,6.7,5601.0,1876.0,"{'code': 'MUR', 'name': 'Mauritius Rupee'}",MU,69.0,25.1,-0.1,97.8,5.9,Port Louis,4.2,19.0,1399.0,2.9,78.2,47.5,33.9,102.5,11.2,3.8,272.0,97.4,40.8,92.5,14220.0,0.2,1969.0,626.5,58.6,11222.0,1.4,0.0,99.8
Bahrain,1702.0,Western Asia,76.2,0.8,18680.0,14355.0,"{'code': 'BHD', 'name': 'Bahraini Dinar'}",BH,64.0,35.1,2.1,101.7,1.0,Manama,29.8,0.8,12045.0,0.5,78.2,67.8,37.0,98.8,6.0,2.5,47.0,183.1,89.4,95.8,37876.0,4.3,771.0,2238.9,98.6,24133.5,2.0,0.3,100.0
Timor-Leste,1318.0,South-Eastern Asia,67.2,4.6,536.0,154.0,"{'code': 'USD', 'name': 'Us Dollar'}",TL,46.4,9.8,3.5,87.0,43.7,Dili,,46.1,75.0,4.1,71.3,14.8,20.6,113.2,37.3,2.8,41.0,102.2,30.9,80.3,2581.0,1.9,14919.0,88.7,27.5,2035.5,4.1,0.0,117.3
Djibouti,988.0,Eastern Africa,64.6,10.3,1344.0,143.0,"{'code': 'DJF', 'name': 'Djibouti Franc'}",DJ,54.3,13.3,1.8,52.9,32.4,Djibouti,,0.2,63.0,,68.7,4.6,6.0,75.1,33.4,5.6,110.0,110.7,77.9,51.2,2923.0,1.6,23200.0,42.6,55.7,3048.6,2.8,30.1,75.4
Cyprus,1207.0,Western Asia,78.6,7.2,9219.0,3528.0,"{'code': 'EUR', 'name': 'Euro'}",CY,81.7,16.3,0.7,99.5,2.0,Nicosia,6.4,18.7,3939.0,1.3,82.8,82.4,69.6,99.4,3.5,4.1,84.0,99.9,66.8,101.1,24963.0,0.8,9251.0,130.7,84.4,28967.6,1.3,33.3,99.3
Fiji,896.0,Melanesia,65.6,4.1,2650.0,1137.0,"{'code': 'FJD', 'name': 'Fiji Dollar'}",FJ,51.0,13.3,1.7,94.3,35.7,Suva,,55.7,870.0,2.3,69.1,17.6,14.7,105.2,20.3,3.5,321.0,102.6,56.8,85.7,5537.0,0.6,18272.0,49.1,50.0,6267.0,2.8,0.0,107.6
Guyana,787.0,South America,66.7,11.8,3467.0,1405.0,"{'code': 'GYD', 'name': 'Guyana Dollar'}",GY,60.3,22.9,0.4,99.2,16.8,Georgetown,,84.0,287.0,14.2,72.9,15.4,7.8,96.0,26.8,3.4,122.0,101.2,26.7,96.3,3818.0,0.5,214969.0,4.0,37.3,4900.8,2.5,36.5,99.6
Comoros,870.0,Eastern Africa,62.3,4.4,201.0,49.0,"{'code': 'KMF', 'name': 'Comorian Franc'}",KM,37.0,13.0,2.7,61.4,49.9,Moroni,,19.9,36.0,,65.8,8.0,9.9,99.4,53.1,3.0,127.0,101.8,29.2,57.6,1166.0,2.2,2235.0,467.3,8.5,1400.5,4.2,0.0,99.6
Bhutan,772.0,Southern Asia,71.0,2.4,1049.0,659.0,"{'code': 'BTN', 'name': 'Ngultrum'}",BT,34.3,11.1,3.7,95.7,54.6,Thimphu,,72.2,274.0,1.2,71.6,15.5,15.6,100.2,24.1,5.8,101.0,113.4,41.6,84.7,2658.0,1.2,38394.0,20.2,48.1,3523.8,2.0,,100.1
Montenegro,628.0,Southern Europe,74.2,14.8,2903.0,459.0,"{'code': 'EUR', 'name': 'Euro'}",ME,73.0,19.2,0.6,90.5,7.8,Podgorica,2.2,61.5,2077.0,2.2,79.1,64.9,47.9,97.6,2.8,5.1,113.0,97.8,67.2,89.3,5507.0,0.0,13812.0,46.7,71.5,8771.7,1.8,13.6,102.2
Solomon Islands,687.0,Melanesia,71.1,0.5,348.0,611.0,"{'code': 'SBD', 'name': 'Solomon Is. Dollar'}",SB,53.4,9.6,4.3,47.0,37.1,Honiara,,78.1,28.0,3.8,74.6,,,106.0,15.5,3.9,256.0,103.4,24.2,49.5,1271.0,2.6,28896.0,24.5,11.9,1946.9,4.4,0.0,106.4
Western Sahara,597.0,Northern Africa,68.2,9.4,,,"{'code': 'MAD', 'name': 'Moroccan Dirham'}",EH,54.5,25.7,1.9,,19.8,El Aai?N,,2.7,,,71.9,,,,28.8,,58.0,109.5,86.8,,,2.5,266000.0,2.2,,,2.4,,
Luxembourg,626.0,Western Europe,79.8,5.2,23057.0,15433.0,"{'code': 'EUR', 'name': 'Euro'}",LU,87.5,11.5,2.6,104.8,1.0,Luxembourg,8.6,35.7,1018.0,0.3,84.2,20.1,18.2,102.0,2.9,3.1,16.0,102.3,91.2,102.6,70920.0,2.0,2586.0,241.7,97.1,117369.5,1.4,5.7,102.6
Suriname,587.0,South America,68.3,7.5,1711.0,1461.0,"{'code': 'SRD', 'name': 'Surinam Dollar'}",SR,69.1,23.5,0.9,88.6,7.4,Paramaribo,1.9,98.3,278.0,5.4,74.8,,,108.7,17.5,2.6,88.0,101.0,66.1,67.1,3458.0,1.0,163820.0,3.8,48.9,6003.7,2.4,0.4,109.0
Malta,442.0,Southern Europe,80.4,3.4,8211.0,4143.0,"{'code': 'EUR', 'name': 'Euro'}",MT,81.0,18.0,0.6,104.7,0.9,Valletta,1.5,1.1,2599.0,1.6,84.1,63.2,46.0,105.1,5.0,6.6,49.0,100.6,94.7,104.8,14549.0,0.4,315.0,1379.8,81.7,33122.8,1.4,10.7,104.9
Brunei Darussalam,438.0,South-Eastern Asia,74.5,9.0,5103.0,7039.0,"{'code': 'BND', 'name': 'Brunei Dollar'}",BN,82.8,15.8,1.9,94.6,1.3,Bandar Seri Begawan,6.7,72.1,278.0,0.5,76.9,38.7,24.8,103.6,7.9,0.1,275.0,107.8,77.9,92.4,13567.0,1.1,5765.0,83.0,94.9,31627.2,1.8,20.9,102.7
Bahamas,393.0,Caribbean,71.5,11.3,4087.0,494.0,"{'code': 'BSD', 'name': 'Bahamian Dollar'}",BS,83.9,14.0,1.5,71.6,2.1,Nassau,,51.4,1633.0,32.0,75.9,,,81.2,5.9,1.6,96.0,94.5,83.1,67.3,12424.0,1.0,13940.0,39.3,85.0,32218.1,1.8,0.0,81.6
Iceland,341.0,Northern Europe,81.2,3.2,6579.0,5228.0,"{'code': 'ISK', 'name': 'Iceland Krona'}",IS,80.1,16.1,0.6,116.9,3.8,Reykjavik,2.2,0.5,2344.0,0.9,84.3,94.4,50.6,100.3,1.3,4.6,36.0,100.9,93.9,118.1,25882.0,0.7,103000.0,3.4,99.0,76867.3,1.8,1.2,100.4
Maldives,540.0,Southern Asia,77.1,6.4,2883.0,163.0,"{'code': 'MVR', 'name': 'Rufiyaa'}",MV,73.4,18.3,3.9,,8.2,Male,,3.3,1484.0,0.7,80.4,59.8,16.6,98.1,6.8,6.9,80.0,173.5,40.2,,5327.0,3.4,300.0,1801.8,63.2,10330.6,1.9,,96.2
Belize,398.0,Central America,71.4,6.4,986.0,245.0,"{'code': 'BZD', 'name': 'Belize Dollar'}",BZ,67.7,15.7,2.3,87.1,16.6,Belmopan,,59.9,489.0,37.8,77.6,30.5,18.8,108.7,12.8,2.1,143.0,98.9,45.9,83.7,1871.0,1.9,22966.0,17.4,47.1,4884.7,2.3,6.5,114.6
Barbados,287.0,Caribbean,77.6,10.9,1618.0,462.0,"{'code': 'BBD', 'name': 'Barbados Dollar'}",BB,78.5,18.9,-0.1,105.8,2.6,Bridgetown,,14.7,680.0,9.8,80.4,90.6,40.3,97.5,10.0,-0.4,62.0,93.8,31.2,101.8,5087.0,0.1,431.0,668.3,81.8,17745.9,1.6,0.0,101.2
Vanuatu,307.0,Melanesia,68.8,4.4,289.0,51.0,"{'code': 'VUV', 'name': 'Vatu'}",VU,38.4,6.3,2.7,54.9,55.3,Port Vila,,36.1,116.0,,71.9,,,107.8,22.4,3.2,144.0,102.8,25.4,53.5,889.0,2.5,12189.0,25.2,25.7,3037.2,3.8,0.0,110.7
Samoa,198.0,Polynesia,71.1,8.4,390.0,32.0,"{'code': 'WST', 'name': 'Tala'}",WS,46.9,23.3,-0.4,98.0,29.9,Apia,,60.4,164.0,3.1,75.2,,,110.4,13.4,0.7,100.0,107.3,18.1,88.8,833.0,0.5,2842.0,70.1,33.6,4249.6,3.9,0.0,110.6
Saint Lucia,184.0,Caribbean,74.7,20.2,598.0,55.0,"{'code': 'XCD', 'name': 'E. Caribbean Dollar'}",LC,64.7,18.3,0.6,89.4,17.0,Castries,,33.3,395.0,21.4,77.4,18.7,9.4,103.2,12.5,0.9,69.0,97.0,18.8,89.3,1922.0,0.5,539.0,301.0,50.8,10566.0,1.4,0.0,102.1
Saint Vincent And The Grenadines,111.0,Caribbean,70.1,18.9,335.0,37.0,"{'code': 'XCD', 'name': 'E. Caribbean Dollar'}",VC,69.5,19.9,0.8,108.7,10.5,Kingstown,,69.2,80.0,36.5,74.9,29.8,17.8,112.7,14.6,2.2,65.0,102.7,52.6,105.9,811.0,0.3,389.0,284.5,22.4,7361.3,1.9,,114.1
Kiribati,119.0,Micronesia,63.9,30.6,554.0,10.0,"{'code': 'AUD', 'name': 'Australian Dollar'}",KI,61.8,16.1,3.5,91.4,22.1,Bairiki,,15.0,7.0,7.5,72.0,,,104.9,43.0,2.3,108.0,96.8,54.8,82.7,189.0,1.5,726.0,147.5,14.6,1627.4,3.6,,97.9
Grenada,112.0,Caribbean,70.1,,470.0,32.0,"{'code': 'XCD', 'name': 'E. Caribbean Dollar'}",GD,,,0.5,122.1,,Saint George's,,50.0,185.0,10.8,75.0,116.2,93.2,106.0,15.0,4.1,60.0,101.5,36.4,118.2,1169.0,0.5,345.0,331.0,59.1,10485.9,2.1,0.0,107.7
Tonga,106.0,Polynesia,68.8,1.2,311.0,15.0,"{'code': 'TOP', 'name': ""Pa'anga""}",TO,47.1,29.2,0.3,102.4,23.7,Nuku'alofa,,12.5,54.0,1.0,72.7,,,116.0,12.5,-0.4,90.0,100.2,23.1,99.4,504.0,1.0,747.0,146.8,41.2,4885.8,3.6,0.0,116.7
"Micronesia, Federated States Of",115.0,Micronesia,66.1,,8.0,1.0,"{'code': 'USD', 'name': 'Us Dollar'}",FM,,,0.3,86.6,,Palikir,,91.8,19.0,,69.4,,,96.0,23.5,1.4,170.0,103.4,22.8,79.9,371.0,1.1,702.0,164.3,35.3,3296.4,3.1,0.0,98.3
Seychelles,98.0,Eastern Africa,69.8,4.1,1438.0,824.0,"{'code': 'SCR', 'name': 'Seychelles Rupee'}",SC,78.2,17.9,1.3,84.2,3.6,Victoria,,88.4,362.0,12.5,77.3,23.3,11.2,103.3,10.9,7.9,451.0,105.3,57.1,78.8,1590.0,0.7,457.0,213.8,58.8,16377.9,2.5,0.0,97.6
Antigua And Barbuda,98.0,Caribbean,75.7,,568.0,37.0,"{'code': 'XCD', 'name': 'E. Caribbean Dollar'}",AG,81.6,15.6,0.1,109.1,2.8,Saint John's,,22.3,269.0,11.1,77.9,34.3,15.3,104.6,5.2,7.4,61.0,93.3,24.5,113.3,1611.0,0.9,442.0,222.6,76.0,16727.0,2.0,0.2,105.4
Andorra,77.0,Southern Europe,,,1538.0,124.0,"{'code': 'EUR', 'name': 'Euro'}",AD,,,-1.7,,,Andorra La Vella,,34.0,3042.0,0.0,,,,,,1.6,15.0,102.3,88.0,,3238.0,-0.2,468.0,164.2,91.6,42051.6,1.2,,
Dominica,75.0,Caribbean,73.8,,304.0,18.0,"{'code': 'XCD', 'name': 'E. Caribbean Dollar'}",DM,,,0.9,93.8,,Roseau,,57.8,63.0,26.6,78.2,,,113.2,,2.3,74.0,103.0,70.8,94.7,551.0,0.5,750.0,100.1,69.6,7691.3,,,116.2
Marshall Islands,53.0,Micronesia,71.3,4.7,71.0,34.0,"{'code': 'USD', 'name': 'Us Dollar'}",MH,79.6,9.4,0.8,66.6,11.0,Majuro,,70.2,7.0,,72.5,23.8,23.5,84.6,25.4,2.6,104.0,104.5,77.4,62.4,214.0,0.1,181.0,295.8,38.7,3666.9,4.1,,84.9
Saint Kitts And Nevis,57.0,Caribbean,,,338.0,63.0,"{'code': 'XCD', 'name': 'E. Caribbean Dollar'}",KN,,,0.8,108.7,,Basseterre,,42.3,125.0,36.1,,115.9,57.7,107.1,,2.9,57.0,97.0,30.8,105.1,1011.0,0.9,261.0,218.5,80.7,19275.4,,0.0,110.4
Liechtenstein,39.0,Western Europe,,2.6,,,"{'code': 'CHF', 'name': 'Swiss Franc'}",LI,,,0.5,105.1,,Vaduz,,43.1,85.0,2.6,,27.4,43.6,102.9,,2.0,13.0,98.4,14.4,129.1,6796.0,0.7,160.0,241.5,98.1,179258.2,1.5,0.2,106.3
Monaco,39.0,Western Europe,,,,,"{'code': 'EUR', 'name': 'Euro'}",MC,,,0.6,,,Monaco,,,347.0,0.0,,,,,,6.1,34.0,94.7,100.0,,7188.0,0.5,2.0,26373.8,97.1,185835.0,,0.0,
San Marino,34.0,Southern Europe,81.7,6.6,,,"{'code': 'EUR', 'name': 'Euro'}",SM,65.4,34.3,1.4,63.8,0.3,San Marino,,0.0,84.0,0.0,86.4,36.0,48.6,116.9,,1.1,2.0,94.9,97.4,71.5,1638.0,0.5,61.0,563.5,60.2,48472.7,,,100.4
Palau,22.0,Micronesia,68.1,4.2,169.0,8.0,"{'code': 'USD', 'name': 'Us Dollar'}",PW,85.9,11.8,1.7,122.9,2.4,Melekeok,,87.6,106.0,11.2,77.8,66.4,43.9,105.2,13.3,1.7,189.0,113.3,80.5,110.8,284.0,1.1,459.0,48.8,,15859.4,2.2,0.0,119.6
Tuvalu,12.0,Polynesia,67.4,6.5,12.0,0.0,"{'code': 'AUD', 'name': 'Australian Dollar'}",TV,,,2.6,71.2,,Funafuti,,33.3,3.0,18.6,71.9,,,82.5,10.3,7.0,99.0,102.0,63.2,62.5,46.0,0.9,26.0,383.3,49.3,4000.6,3.6,,89.4
Nauru,11.0,Micronesia,57.8,23.0,,,"{'code': 'AUD', 'name': 'Australian Dollar'}",NR,,,2.3,83.6,,Yaren,,0.0,,,64.8,,,123.2,18.0,-4.0,86.0,101.9,100.0,81.9,127.0,-0.1,21.0,561.4,57.0,11875.9,3.9,1.2,129.7
Holy See (Vatican City State),1.0,Southern Europe,,,,,"{'code': 'EUR', 'name': 'Euro'}",VA,,,0.2,,,Vatican City,,,,0.0,,,,,,,1.0,219.2,100.0,,,0.1,0.0,1820.5,,,,,
